timestamp,agent_index,action,score,is_win,is_lose,game_over,map_matrix
2026-05-29T18:56:36.103491,0,East,0.0,False,False,False,"[[0, 0, 0, 0, 0, 0, 0, 0, 0, 0, 0], [0, 2, 2, 2, 2, 2, 2, 2, 2, 3, 0], [0, 2, 0, 0, 0, 2, 0, 0, 0, 2, 0], [0, 2, 0, 2, 2, 2, 2, 2, 0, 2, 0], [0, 2, 2, 2, 0, 2, 0, 2, 2, 2, 0], [0, 0, 0, 2, 0, 2, 0, 2, 0, 0, 0], [0, 2, 2, 2, 2, 2, 2, 2, 2, 2, 0], [0, 2, 0, 2, 0, 0, 0, 2, 0, 2, 0], [0, 2, 0, 2, 0, 4, 0, 2, 0, 2, 0], [0, 5, 0, 2, 0, 1, 1, 2, 0, 2, 0], [0, 2, 0, 2, 0, 1, 1, 2, 0, 2, 0], [0, 2, 0, 2, 0, 4, 0, 2, 0, 2, 0], [0, 2, 0, 2, 0, 0, 0, 2, 0, 2, 0], [0, 2, 2, 2, 2, 2, 2, 2, 2, 2, 0], [0, 0, 0, 2, 0, 2, 0, 2, 0, 0, 0], [0, 2, 2, 2, 0, 2, 0, 2, 2, 2, 0], [0, 2, 0, 2, 2, 2, 2, 2, 0, 2, 0], [0, 2, 0, 0, 0, 2, 0, 0, 0, 2, 0], [0, 3, 2, 2, 2, 2, 2, 2, 2, 2, 0], [0, 0, 0, 0, 0, 0, 0, 0, 0, 0, 0]]"
2026-05-29T18:56:36.106452,0,East,9.0,False,False,False,"[[0, 0, 0, 0, 0, 0, 0, 0, 0, 0, 0], [0, 2, 2, 2, 2, 2, 2, 2, 2, 3, 0], [0, 2, 0, 0, 0, 2, 0, 0, 0, 2, 0], [0, 2, 0, 2, 2, 2, 2, 2, 0, 2, 0], [0, 2, 2, 2, 0, 2, 0, 2, 2, 2, 0], [0, 0, 0, 2, 0, 2, 0, 2, 0, 0, 0], [0, 2, 2, 2, 2, 2, 2, 2, 2, 2, 0], [0, 2, 0, 2, 0, 0, 0, 2, 0, 2, 0], [0, 2, 0, 2, 0, 1, 0, 2, 0, 2, 0], [0, 1, 0, 2, 0, 4, 1, 2, 0, 2, 0], [0, 5, 0, 2, 0, 4, 1, 2, 0, 2, 0], [0, 2, 0, 2, 0, 1, 0, 2, 0, 2, 0], [0, 2, 0, 2, 0, 0, 0, 2, 0, 2, 0], [0, 2, 2, 2, 2, 2, 2, 2, 2, 2, 0], [0, 0, 0, 2, 0, 2, 0, 2, 0, 0, 0], [0, 2, 2, 2, 0, 2, 0, 2, 2, 2, 0], [0, 2, 0, 2, 2, 2, 2, 2, 0, 2, 0], [0, 2, 0, 0, 0, 2, 0, 0, 0, 2, 0], [0, 3, 2, 2, 2, 2, 2, 2, 2, 2, 0], [0, 0, 0, 0, 0, 0, 0, 0, 0, 0, 0]]"
2026-05-29T18:56:36.109337,0,East,18.0,False,False,False,"[[0, 0, 0, 0, 0, 0, 0, 0, 0, 0, 0], [0, 2, 2, 2, 2, 2, 2, 2, 2, 3, 0], [0, 2, 0, 0, 0, 2, 0, 0, 0, 2, 0], [0, 2, 0, 2, 2, 2, 2, 2, 0, 2, 0], [0, 2, 2, 2, 0, 2, 0, 2, 2, 2, 0], [0, 0, 0, 2, 0, 2, 0, 2, 0, 0, 0], [0, 2, 2, 2, 2, 2, 2, 2, 2, 2, 0], [0, 2, 0, 2, 0, 0, 0, 2, 0, 2, 0], [0, 2, 0, 2, 0, 1, 0, 2, 0, 2, 0], [0, 1, 0, 2, 0, 4, 1, 2, 0, 2, 0], [0, 1, 0, 2, 0, 4, 1, 2, 0, 2, 0], [0, 5, 0, 2, 0, 1, 0, 2, 0, 2, 0], [0, 2, 0, 2, 0, 0, 0, 2, 0, 2, 0], [0, 2, 2, 2, 2, 2, 2, 2, 2, 2, 0], [0, 0, 0, 2, 0, 2, 0, 2, 0, 0, 0], [0, 2, 2, 2, 0, 2, 0, 2, 2, 2, 0], [0, 2, 0, 2, 2, 2, 2, 2, 0, 2, 0], [0, 2, 0, 0, 0, 2, 0, 0, 0, 2, 0], [0, 3, 2, 2, 2, 2, 2, 2, 2, 2, 0], [0, 0, 0, 0, 0, 0, 0, 0, 0, 0, 0]]"
2026-05-29T18:56:36.112289,0,East,27.0,False,False,False,"[[0, 0, 0, 0, 0, 0, 0, 0, 0, 0, 0], [0, 2, 2, 2, 2, 2, 2, 2, 2, 3, 0], [0, 2, 0, 0, 0, 2, 0, 0, 0, 2, 0], [0, 2, 0, 2, 2, 2, 2, 2, 0, 2, 0], [0, 2, 2, 2, 0, 2, 0, 2, 2, 2, 0], [0, 0, 0, 2, 0, 2, 0, 2, 0, 0, 0], [0, 2, 2, 2, 2, 2, 2, 2, 2, 2, 0], [0, 2, 0, 2, 0, 0, 0, 2, 0, 2, 0], [0, 2, 0, 2, 0, 1, 0, 2, 0, 2, 0], [0, 1, 0, 2, 0, 1, 4, 2, 0, 2, 0], [0, 1, 0, 2, 0, 1, 1, 2, 0, 2, 0], [0, 1, 0, 2, 0, 4, 0, 2, 0, 2, 0], [0, 5, 0, 2, 0, 0, 0, 2, 0, 2, 0], [0, 2, 2, 2, 2, 2, 2, 2, 2, 2, 0], [0, 0, 0, 2, 0, 2, 0, 2, 0, 0, 0], [0, 2, 2, 2, 0, 2, 0, 2, 2, 2, 0], [0, 2, 0, 2, 2, 2, 2, 2, 0, 2, 0], [0, 2, 0, 0, 0, 2, 0, 0, 0, 2, 0], [0, 3, 2, 2, 2, 2, 2, 2, 2, 2, 0], [0, 0, 0, 0, 0, 0, 0, 0, 0, 0, 0]]"
2026-05-29T18:56:36.115137,0,North,36.0,False,False,False,"[[0, 0, 0, 0, 0, 0, 0, 0, 0, 0, 0], [0, 2, 2, 2, 2, 2, 2, 2, 2, 3, 0], [0, 2, 0, 0, 0, 2, 0, 0, 0, 2, 0], [0, 2, 0, 2, 2, 2, 2, 2, 0, 2, 0], [0, 2, 2, 2, 0, 2, 0, 2, 2, 2, 0], [0, 0, 0, 2, 0, 2, 0, 2, 0, 0, 0], [0, 2, 2, 2, 2, 2, 2, 2, 2, 2, 0], [0, 2, 0, 2, 0, 0, 0, 2, 0, 2, 0], [0, 2, 0, 2, 0, 1, 0, 2, 0, 2, 0], [0, 1, 0, 2, 0, 1, 1, 2, 0, 2, 0], [0, 1, 0, 2, 0, 4, 4, 2, 0, 2, 0], [0, 1, 0, 2, 0, 1, 0, 2, 0, 2, 0], [0, 1, 0, 2, 0, 0, 0, 2, 0, 2, 0], [0, 5, 2, 2, 2, 2, 2, 2, 2, 2, 0], [0, 0, 0, 2, 0, 2, 0, 2, 0, 0, 0], [0, 2, 2, 2, 0, 2, 0, 2, 2, 2, 0], [0, 2, 0, 2, 2, 2, 2, 2, 0, 2, 0], [0, 2, 0, 0, 0, 2, 0, 0, 0, 2, 0], [0, 3, 2, 2, 2, 2, 2, 2, 2, 2, 0], [0, 0, 0, 0, 0, 0, 0, 0, 0, 0, 0]]"
2026-05-29T18:56:36.118090,0,North,45.0,False,False,False,"[[0, 0, 0, 0, 0, 0, 0, 0, 0, 0, 0], [0, 2, 2, 2, 2, 2, 2, 2, 2, 3, 0], [0, 2, 0, 0, 0, 2, 0, 0, 0, 2, 0], [0, 2, 0, 2, 2, 2, 2, 2, 0, 2, 0], [0, 2, 2, 2, 0, 2, 0, 2, 2, 2, 0], [0, 0, 0, 2, 0, 2, 0, 2, 0, 0, 0], [0, 2, 2, 2, 2, 2, 2, 2, 2, 2, 0], [0, 2, 0, 2, 0, 0, 0, 2, 0, 2, 0], [0, 2, 0, 2, 0, 1, 0, 2, 0, 2, 0], [0, 1, 0, 2, 0, 4, 1, 2, 0, 2, 0], [0, 1, 0, 2, 0, 4, 1, 2, 0, 2, 0], [0, 1, 0, 2, 0, 1, 0, 2, 0, 2, 0], [0, 1, 0, 2, 0, 0, 0, 2, 0, 2, 0], [0, 1, 5, 2, 2, 2, 2, 2, 2, 2, 0], [0, 0, 0, 2, 0, 2, 0, 2, 0, 0, 0], [0, 2, 2, 2, 0, 2, 0, 2, 2, 2, 0], [0, 2, 0, 2, 2, 2, 2, 2, 0, 2, 0], [0, 2, 0, 0, 0, 2, 0, 0, 0, 2, 0], [0, 3, 2, 2, 2, 2, 2, 2, 2, 2, 0], [0, 0, 0, 0, 0, 0, 0, 0, 0, 0, 0]]"
2026-05-29T18:56:36.121896,0,South,54.0,False,False,False,"[[0, 0, 0, 0, 0, 0, 0, 0, 0, 0, 0], [0, 2, 2, 2, 2, 2, 2, 2, 2, 3, 0], [0, 2, 0, 0, 0, 2, 0, 0, 0, 2, 0], [0, 2, 0, 2, 2, 2, 2, 2, 0, 2, 0], [0, 2, 2, 2, 0, 2, 0, 2, 2, 2, 0], [0, 0, 0, 2, 0, 2, 0, 2, 0, 0, 0], [0, 2, 2, 2, 2, 2, 2, 2, 2, 2, 0], [0, 2, 0, 2, 0, 0, 0, 2, 0, 2, 0], [0, 2, 0, 2, 0, 4, 0, 2, 0, 2, 0], [0, 1, 0, 2, 0, 1, 1, 2, 0, 2, 0], [0, 1, 0, 2, 0, 1, 1, 2, 0, 2, 0], [0, 1, 0, 2, 0, 4, 0, 2, 0, 2, 0], [0, 1, 0, 2, 0, 0, 0, 2, 0, 2, 0], [0, 1, 1, 5, 2, 2, 2, 2, 2, 2, 0], [0, 0, 0, 2, 0, 2, 0, 2, 0, 0, 0], [0, 2, 2, 2, 0, 2, 0, 2, 2, 2, 0], [0, 2, 0, 2, 2, 2, 2, 2, 0, 2, 0], [0, 2, 0, 0, 0, 2, 0, 0, 0, 2, 0], [0, 3, 2, 2, 2, 2, 2, 2, 2, 2, 0], [0, 0, 0, 0, 0, 0, 0, 0, 0, 0, 0]]"
2026-05-29T18:56:36.124886,0,South,53.0,False,False,False,"[[0, 0, 0, 0, 0, 0, 0, 0, 0, 0, 0], [0, 2, 2, 2, 2, 2, 2, 2, 2, 3, 0], [0, 2, 0, 0, 0, 2, 0, 0, 0, 2, 0], [0, 2, 0, 2, 2, 2, 2, 2, 0, 2, 0], [0, 2, 2, 2, 0, 2, 0, 2, 2, 2, 0], [0, 0, 0, 2, 0, 2, 0, 2, 0, 0, 0], [0, 2, 2, 2, 2, 2, 2, 2, 2, 2, 0], [0, 2, 0, 2, 0, 0, 0, 2, 0, 2, 0], [0, 2, 0, 2, 0, 1, 0, 2, 0, 2, 0], [0, 1, 0, 2, 0, 4, 1, 2, 0, 2, 0], [0, 1, 0, 2, 0, 4, 1, 2, 0, 2, 0], [0, 1, 0, 2, 0, 1, 0, 2, 0, 2, 0], [0, 1, 0, 2, 0, 0, 0, 2, 0, 2, 0], [0, 1, 5, 1, 2, 2, 2, 2, 2, 2, 0], [0, 0, 0, 2, 0, 2, 0, 2, 0, 0, 0], [0, 2, 2, 2, 0, 2, 0, 2, 2, 2, 0], [0, 2, 0, 2, 2, 2, 2, 2, 0, 2, 0], [0, 2, 0, 0, 0, 2, 0, 0, 0, 2, 0], [0, 3, 2, 2, 2, 2, 2, 2, 2, 2, 0], [0, 0, 0, 0, 0, 0, 0, 0, 0, 0, 0]]"
2026-05-29T18:56:36.127777,0,North,52.0,False,False,False,"[[0, 0, 0, 0, 0, 0, 0, 0, 0, 0, 0], [0, 2, 2, 2, 2, 2, 2, 2, 2, 3, 0], [0, 2, 0, 0, 0, 2, 0, 0, 0, 2, 0], [0, 2, 0, 2, 2, 2, 2, 2, 0, 2, 0], [0, 2, 2, 2, 0, 2, 0, 2, 2, 2, 0], [0, 0, 0, 2, 0, 2, 0, 2, 0, 0, 0], [0, 2, 2, 2, 2, 2, 2, 2, 2, 2, 0], [0, 2, 0, 2, 0, 0, 0, 2, 0, 2, 0], [0, 2, 0, 2, 0, 1, 0, 2, 0, 2, 0], [0, 1, 0, 2, 0, 1, 1, 2, 0, 2, 0], [0, 1, 0, 2, 0, 4, 4, 2, 0, 2, 0], [0, 1, 0, 2, 0, 1, 0, 2, 0, 2, 0], [0, 1, 0, 2, 0, 0, 0, 2, 0, 2, 0], [0, 5, 1, 1, 2, 2, 2, 2, 2, 2, 0], [0, 0, 0, 2, 0, 2, 0, 2, 0, 0, 0], [0, 2, 2, 2, 0, 2, 0, 2, 2, 2, 0], [0, 2, 0, 2, 2, 2, 2, 2, 0, 2, 0], [0, 2, 0, 0, 0, 2, 0, 0, 0, 2, 0], [0, 3, 2, 2, 2, 2, 2, 2, 2, 2, 0], [0, 0, 0, 0, 0, 0, 0, 0, 0, 0, 0]]"
2026-05-29T18:56:36.130628,0,North,51.0,False,False,False,"[[0, 0, 0, 0, 0, 0, 0, 0, 0, 0, 0], [0, 2, 2, 2, 2, 2, 2, 2, 2, 3, 0], [0, 2, 0, 0, 0, 2, 0, 0, 0, 2, 0], [0, 2, 0, 2, 2, 2, 2, 2, 0, 2, 0], [0, 2, 2, 2, 0, 2, 0, 2, 2, 2, 0], [0, 0, 0, 2, 0, 2, 0, 2, 0, 0, 0], [0, 2, 2, 2, 2, 2, 2, 2, 2, 2, 0], [0, 2, 0, 2, 0, 0, 0, 2, 0, 2, 0], [0, 2, 0, 2, 0, 1, 0, 2, 0, 2, 0], [0, 1, 0, 2, 0, 1, 1, 2, 0, 2, 0], [0, 1, 0, 2, 0, 1, 1, 4, 0, 2, 0], [0, 1, 0, 2, 0, 4, 0, 2, 0, 2, 0], [0, 1, 0, 2, 0, 0, 0, 2, 0, 2, 0], [0, 1, 5, 1, 2, 2, 2, 2, 2, 2, 0], [0, 0, 0, 2, 0, 2, 0, 2, 0, 0, 0], [0, 2, 2, 2, 0, 2, 0, 2, 2, 2, 0], [0, 2, 0, 2, 2, 2, 2, 2, 0, 2, 0], [0, 2, 0, 0, 0, 2, 0, 0, 0, 2, 0], [0, 3, 2, 2, 2, 2, 2, 2, 2, 2, 0], [0, 0, 0, 0, 0, 0, 0, 0, 0, 0, 0]]"
2026-05-29T18:56:36.134443,0,North,50.0,False,False,False,"[[0, 0, 0, 0, 0, 0, 0, 0, 0, 0, 0], [0, 2, 2, 2, 2, 2, 2, 2, 2, 3, 0], [0, 2, 0, 0, 0, 2, 0, 0, 0, 2, 0], [0, 2, 0, 2, 2, 2, 2, 2, 0, 2, 0], [0, 2, 2, 2, 0, 2, 0, 2, 2, 2, 0], [0, 0, 0, 2, 0, 2, 0, 2, 0, 0, 0], [0, 2, 2, 2, 2, 2, 2, 2, 2, 2, 0], [0, 2, 0, 2, 0, 0, 0, 2, 0, 2, 0], [0, 2, 0, 2, 0, 1, 0, 2, 0, 2, 0], [0, 1, 0, 2, 0, 1, 1, 2, 0, 2, 0], [0, 1, 0, 2, 0, 4, 1, 2, 0, 2, 0], [0, 1, 0, 2, 0, 1, 0, 4, 0, 2, 0], [0, 1, 0, 2, 0, 0, 0, 2, 0, 2, 0], [0, 1, 1, 5, 2, 2, 2, 2, 2, 2, 0], [0, 0, 0, 2, 0, 2, 0, 2, 0, 0, 0], [0, 2, 2, 2, 0, 2, 0, 2, 2, 2, 0], [0, 2, 0, 2, 2, 2, 2, 2, 0, 2, 0], [0, 2, 0, 0, 0, 2, 0, 0, 0, 2, 0], [0, 3, 2, 2, 2, 2, 2, 2, 2, 2, 0], [0, 0, 0, 0, 0, 0, 0, 0, 0, 0, 0]]"
2026-05-29T18:56:36.138057,0,North,59.0,False,False,False,"[[0, 0, 0, 0, 0, 0, 0, 0, 0, 0, 0], [0, 2, 2, 2, 2, 2, 2, 2, 2, 3, 0], [0, 2, 0, 0, 0, 2, 0, 0, 0, 2, 0], [0, 2, 0, 2, 2, 2, 2, 2, 0, 2, 0], [0, 2, 2, 2, 0, 2, 0, 2, 2, 2, 0], [0, 0, 0, 2, 0, 2, 0, 2, 0, 0, 0], [0, 2, 2, 2, 2, 2, 2, 2, 2, 2, 0], [0, 2, 0, 2, 0, 0, 0, 2, 0, 2, 0], [0, 2, 0, 2, 0, 1, 0, 2, 0, 2, 0], [0, 1, 0, 2, 0, 1, 1, 2, 0, 2, 0], [0, 1, 0, 2, 0, 1, 4, 2, 0, 2, 0], [0, 1, 0, 2, 0, 1, 0, 2, 0, 2, 0], [0, 1, 0, 2, 0, 0, 0, 4, 0, 2, 0], [0, 1, 1, 1, 5, 2, 2, 2, 2, 2, 0], [0, 0, 0, 2, 0, 2, 0, 2, 0, 0, 0], [0, 2, 2, 2, 0, 2, 0, 2, 2, 2, 0], [0, 2, 0, 2, 2, 2, 2, 2, 0, 2, 0], [0, 2, 0, 0, 0, 2, 0, 0, 0, 2, 0], [0, 3, 2, 2, 2, 2, 2, 2, 2, 2, 0], [0, 0, 0, 0, 0, 0, 0, 0, 0, 0, 0]]"
2026-05-29T18:56:36.141378,0,South,68.0,False,False,False,"[[0, 0, 0, 0, 0, 0, 0, 0, 0, 0, 0], [0, 2, 2, 2, 2, 2, 2, 2, 2, 3, 0], [0, 2, 0, 0, 0, 2, 0, 0, 0, 2, 0], [0, 2, 0, 2, 2, 2, 2, 2, 0, 2, 0], [0, 2, 2, 2, 0, 2, 0, 2, 2, 2, 0], [0, 0, 0, 2, 0, 2, 0, 2, 0, 0, 0], [0, 2, 2, 2, 2, 2, 2, 2, 2, 2, 0], [0, 2, 0, 2, 0, 0, 0, 2, 0, 2, 0], [0, 2, 0, 2, 0, 1, 0, 2, 0, 2, 0], [0, 1, 0, 2, 0, 1, 1, 2, 0, 2, 0], [0, 1, 0, 2, 0, 1, 1, 4, 0, 2, 0], [0, 1, 0, 2, 0, 1, 0, 2, 0, 2, 0], [0, 1, 0, 2, 0, 0, 0, 2, 0, 2, 0], [0, 1, 1, 1, 1, 5, 2, 4, 2, 2, 0], [0, 0, 0, 2, 0, 2, 0, 2, 0, 0, 0], [0, 2, 2, 2, 0, 2, 0, 2, 2, 2, 0], [0, 2, 0, 2, 2, 2, 2, 2, 0, 2, 0], [0, 2, 0, 0, 0, 2, 0, 0, 0, 2, 0], [0, 3, 2, 2, 2, 2, 2, 2, 2, 2, 0], [0, 0, 0, 0, 0, 0, 0, 0, 0, 0, 0]]"
2026-05-29T18:56:36.144153,0,South,67.0,False,False,False,"[[0, 0, 0, 0, 0, 0, 0, 0, 0, 0, 0], [0, 2, 2, 2, 2, 2, 2, 2, 2, 3, 0], [0, 2, 0, 0, 0, 2, 0, 0, 0, 2, 0], [0, 2, 0, 2, 2, 2, 2, 2, 0, 2, 0], [0, 2, 2, 2, 0, 2, 0, 2, 2, 2, 0], [0, 0, 0, 2, 0, 2, 0, 2, 0, 0, 0], [0, 2, 2, 2, 2, 2, 2, 2, 2, 2, 0], [0, 2, 0, 2, 0, 0, 0, 2, 0, 2, 0], [0, 2, 0, 2, 0, 1, 0, 2, 0, 2, 0], [0, 1, 0, 2, 0, 1, 1, 2, 0, 2, 0], [0, 1, 0, 2, 0, 1, 1, 2, 0, 2, 0], [0, 1, 0, 2, 0, 1, 0, 4, 0, 2, 0], [0, 1, 0, 2, 0, 0, 0, 2, 0, 2, 0], [0, 1, 1, 1, 5, 1, 4, 2, 2, 2, 0], [0, 0, 0, 2, 0, 2, 0, 2, 0, 0, 0], [0, 2, 2, 2, 0, 2, 0, 2, 2, 2, 0], [0, 2, 0, 2, 2, 2, 2, 2, 0, 2, 0], [0, 2, 0, 0, 0, 2, 0, 0, 0, 2, 0], [0, 3, 2, 2, 2, 2, 2, 2, 2, 2, 0], [0, 0, 0, 0, 0, 0, 0, 0, 0, 0, 0]]"
2026-05-29T18:56:36.147926,0,South,66.0,False,False,False,"[[0, 0, 0, 0, 0, 0, 0, 0, 0, 0, 0], [0, 2, 2, 2, 2, 2, 2, 2, 2, 3, 0], [0, 2, 0, 0, 0, 2, 0, 0, 0, 2, 0], [0, 2, 0, 2, 2, 2, 2, 2, 0, 2, 0], [0, 2, 2, 2, 0, 2, 0, 2, 2, 2, 0], [0, 0, 0, 2, 0, 2, 0, 2, 0, 0, 0], [0, 2, 2, 2, 2, 2, 2, 2, 2, 2, 0], [0, 2, 0, 2, 0, 0, 0, 2, 0, 2, 0], [0, 2, 0, 2, 0, 1, 0, 2, 0, 2, 0], [0, 1, 0, 2, 0, 1, 1, 2, 0, 2, 0], [0, 1, 0, 2, 0, 1, 1, 2, 0, 2, 0], [0, 1, 0, 2, 0, 1, 0, 2, 0, 2, 0], [0, 1, 0, 2, 0, 0, 0, 4, 0, 2, 0], [0, 1, 1, 5, 1, 4, 2, 2, 2, 2, 0], [0, 0, 0, 2, 0, 2, 0, 2, 0, 0, 0], [0, 2, 2, 2, 0, 2, 0, 2, 2, 2, 0], [0, 2, 0, 2, 2, 2, 2, 2, 0, 2, 0], [0, 2, 0, 0, 0, 2, 0, 0, 0, 2, 0], [0, 3, 2, 2, 2, 2, 2, 2, 2, 2, 0], [0, 0, 0, 0, 0, 0, 0, 0, 0, 0, 0]]"
2026-05-29T18:56:36.150927,0,South,65.0,False,False,False,"[[0, 0, 0, 0, 0, 0, 0, 0, 0, 0, 0], [0, 2, 2, 2, 2, 2, 2, 2, 2, 3, 0], [0, 2, 0, 0, 0, 2, 0, 0, 0, 2, 0], [0, 2, 0, 2, 2, 2, 2, 2, 0, 2, 0], [0, 2, 2, 2, 0, 2, 0, 2, 2, 2, 0], [0, 0, 0, 2, 0, 2, 0, 2, 0, 0, 0], [0, 2, 2, 2, 2, 2, 2, 2, 2, 2, 0], [0, 2, 0, 2, 0, 0, 0, 2, 0, 2, 0], [0, 2, 0, 2, 0, 1, 0, 2, 0, 2, 0], [0, 1, 0, 2, 0, 1, 1, 2, 0, 2, 0], [0, 1, 0, 2, 0, 1, 1, 2, 0, 2, 0], [0, 1, 0, 2, 0, 1, 0, 2, 0, 2, 0], [0, 1, 0, 2, 0, 0, 0, 2, 0, 2, 0], [0, 1, 5, 1, 4, 1, 2, 4, 2, 2, 0], [0, 0, 0, 2, 0, 2, 0, 2, 0, 0, 0], [0, 2, 2, 2, 0, 2, 0, 2, 2, 2, 0], [0, 2, 0, 2, 2, 2, 2, 2, 0, 2, 0], [0, 2, 0, 0, 0, 2, 0, 0, 0, 2, 0], [0, 3, 2, 2, 2, 2, 2, 2, 2, 2, 0], [0, 0, 0, 0, 0, 0, 0, 0, 0, 0, 0]]"
2026-05-29T18:56:36.153761,0,West,64.0,False,False,False,"[[0, 0, 0, 0, 0, 0, 0, 0, 0, 0, 0], [0, 2, 2, 2, 2, 2, 2, 2, 2, 3, 0], [0, 2, 0, 0, 0, 2, 0, 0, 0, 2, 0], [0, 2, 0, 2, 2, 2, 2, 2, 0, 2, 0], [0, 2, 2, 2, 0, 2, 0, 2, 2, 2, 0], [0, 0, 0, 2, 0, 2, 0, 2, 0, 0, 0], [0, 2, 2, 2, 2, 2, 2, 2, 2, 2, 0], [0, 2, 0, 2, 0, 0, 0, 2, 0, 2, 0], [0, 2, 0, 2, 0, 1, 0, 2, 0, 2, 0], [0, 1, 0, 2, 0, 1, 1, 2, 0, 2, 0], [0, 1, 0, 2, 0, 1, 1, 2, 0, 2, 0], [0, 1, 0, 2, 0, 1, 0, 2, 0, 2, 0], [0, 1, 0, 2, 0, 0, 0, 2, 0, 2, 0], [0, 5, 1, 4, 1, 1, 4, 2, 2, 2, 0], [0, 0, 0, 2, 0, 2, 0, 2, 0, 0, 0], [0, 2, 2, 2, 0, 2, 0, 2, 2, 2, 0], [0, 2, 0, 2, 2, 2, 2, 2, 0, 2, 0], [0, 2, 0, 0, 0, 2, 0, 0, 0, 2, 0], [0, 3, 2, 2, 2, 2, 2, 2, 2, 2, 0], [0, 0, 0, 0, 0, 0, 0, 0, 0, 0, 0]]"
2026-05-29T18:56:36.156600,0,West,63.0,False,False,False,"[[0, 0, 0, 0, 0, 0, 0, 0, 0, 0, 0], [0, 2, 2, 2, 2, 2, 2, 2, 2, 3, 0], [0, 2, 0, 0, 0, 2, 0, 0, 0, 2, 0], [0, 2, 0, 2, 2, 2, 2, 2, 0, 2, 0], [0, 2, 2, 2, 0, 2, 0, 2, 2, 2, 0], [0, 0, 0, 2, 0, 2, 0, 2, 0, 0, 0], [0, 2, 2, 2, 2, 2, 2, 2, 2, 2, 0], [0, 2, 0, 2, 0, 0, 0, 2, 0, 2, 0], [0, 2, 0, 2, 0, 1, 0, 2, 0, 2, 0], [0, 1, 0, 2, 0, 1, 1, 2, 0, 2, 0], [0, 1, 0, 2, 0, 1, 1, 2, 0, 2, 0], [0, 1, 0, 2, 0, 1, 0, 2, 0, 2, 0], [0, 5, 0, 2, 0, 0, 0, 2, 0, 2, 0], [0, 1, 4, 1, 1, 4, 2, 2, 2, 2, 0], [0, 0, 0, 2, 0, 2, 0, 2, 0, 0, 0], [0, 2, 2, 2, 0, 2, 0, 2, 2, 2, 0], [0, 2, 0, 2, 2, 2, 2, 2, 0, 2, 0], [0, 2, 0, 0, 0, 2, 0, 0, 0, 2, 0], [0, 3, 2, 2, 2, 2, 2, 2, 2, 2, 0], [0, 0, 0, 0, 0, 0, 0, 0, 0, 0, 0]]"
2026-05-29T18:56:36.159475,0,West,62.0,False,False,False,"[[0, 0, 0, 0, 0, 0, 0, 0, 0, 0, 0], [0, 2, 2, 2, 2, 2, 2, 2, 2, 3, 0], [0, 2, 0, 0, 0, 2, 0, 0, 0, 2, 0], [0, 2, 0, 2, 2, 2, 2, 2, 0, 2, 0], [0, 2, 2, 2, 0, 2, 0, 2, 2, 2, 0], [0, 0, 0, 2, 0, 2, 0, 2, 0, 0, 0], [0, 2, 2, 2, 2, 2, 2, 2, 2, 2, 0], [0, 2, 0, 2, 0, 0, 0, 2, 0, 2, 0], [0, 2, 0, 2, 0, 1, 0, 2, 0, 2, 0], [0, 1, 0, 2, 0, 1, 1, 2, 0, 2, 0], [0, 1, 0, 2, 0, 1, 1, 2, 0, 2, 0], [0, 5, 0, 2, 0, 1, 0, 2, 0, 2, 0], [0, 1, 0, 2, 0, 0, 0, 2, 0, 2, 0], [0, 4, 1, 1, 4, 1, 2, 2, 2, 2, 0], [0, 0, 0, 2, 0, 2, 0, 2, 0, 0, 0], [0, 2, 2, 2, 0, 2, 0, 2, 2, 2, 0], [0, 2, 0, 2, 2, 2, 2, 2, 0, 2, 0], [0, 2, 0, 0, 0, 2, 0, 0, 0, 2, 0], [0, 3, 2, 2, 2, 2, 2, 2, 2, 2, 0], [0, 0, 0, 0, 0, 0, 0, 0, 0, 0, 0]]"
2026-05-29T18:56:36.162365,0,West,61.0,False,False,False,"[[0, 0, 0, 0, 0, 0, 0, 0, 0, 0, 0], [0, 2, 2, 2, 2, 2, 2, 2, 2, 3, 0], [0, 2, 0, 0, 0, 2, 0, 0, 0, 2, 0], [0, 2, 0, 2, 2, 2, 2, 2, 0, 2, 0], [0, 2, 2, 2, 0, 2, 0, 2, 2, 2, 0], [0, 0, 0, 2, 0, 2, 0, 2, 0, 0, 0], [0, 2, 2, 2, 2, 2, 2, 2, 2, 2, 0], [0, 2, 0, 2, 0, 0, 0, 2, 0, 2, 0], [0, 2, 0, 2, 0, 1, 0, 2, 0, 2, 0], [0, 1, 0, 2, 0, 1, 1, 2, 0, 2, 0], [0, 5, 0, 2, 0, 1, 1, 2, 0, 2, 0], [0, 1, 0, 2, 0, 1, 0, 2, 0, 2, 0], [0, 4, 0, 2, 0, 0, 0, 2, 0, 2, 0], [0, 1, 1, 4, 1, 1, 2, 2, 2, 2, 0], [0, 0, 0, 2, 0, 2, 0, 2, 0, 0, 0], [0, 2, 2, 2, 0, 2, 0, 2, 2, 2, 0], [0, 2, 0, 2, 2, 2, 2, 2, 0, 2, 0], [0, 2, 0, 0, 0, 2, 0, 0, 0, 2, 0], [0, 3, 2, 2, 2, 2, 2, 2, 2, 2, 0], [0, 0, 0, 0, 0, 0, 0, 0, 0, 0, 0]]"
2026-05-29T18:56:36.165329,0,West,60.0,False,False,False,"[[0, 0, 0, 0, 0, 0, 0, 0, 0, 0, 0], [0, 2, 2, 2, 2, 2, 2, 2, 2, 3, 0], [0, 2, 0, 0, 0, 2, 0, 0, 0, 2, 0], [0, 2, 0, 2, 2, 2, 2, 2, 0, 2, 0], [0, 2, 2, 2, 0, 2, 0, 2, 2, 2, 0], [0, 0, 0, 2, 0, 2, 0, 2, 0, 0, 0], [0, 2, 2, 2, 2, 2, 2, 2, 2, 2, 0], [0, 2, 0, 2, 0, 0, 0, 2, 0, 2, 0], [0, 2, 0, 2, 0, 1, 0, 2, 0, 2, 0], [0, 5, 0, 2, 0, 1, 1, 2, 0, 2, 0], [0, 1, 0, 2, 0, 1, 1, 2, 0, 2, 0], [0, 4, 0, 2, 0, 1, 0, 2, 0, 2, 0], [0, 1, 0, 2, 0, 0, 0, 2, 0, 2, 0], [0, 1, 4, 1, 1, 1, 2, 2, 2, 2, 0], [0, 0, 0, 2, 0, 2, 0, 2, 0, 0, 0], [0, 2, 2, 2, 0, 2, 0, 2, 2, 2, 0], [0, 2, 0, 2, 2, 2, 2, 2, 0, 2, 0], [0, 2, 0, 0, 0, 2, 0, 0, 0, 2, 0], [0, 3, 2, 2, 2, 2, 2, 2, 2, 2, 0], [0, 0, 0, 0, 0, 0, 0, 0, 0, 0, 0]]"
2026-05-29T18:56:36.168244,0,West,69.0,False,False,False,"[[0, 0, 0, 0, 0, 0, 0, 0, 0, 0, 0], [0, 2, 2, 2, 2, 2, 2, 2, 2, 3, 0], [0, 2, 0, 0, 0, 2, 0, 0, 0, 2, 0], [0, 2, 0, 2, 2, 2, 2, 2, 0, 2, 0], [0, 2, 2, 2, 0, 2, 0, 2, 2, 2, 0], [0, 0, 0, 2, 0, 2, 0, 2, 0, 0, 0], [0, 2, 2, 2, 2, 2, 2, 2, 2, 2, 0], [0, 2, 0, 2, 0, 0, 0, 2, 0, 2, 0], [0, 5, 0, 2, 0, 1, 0, 2, 0, 2, 0], [0, 1, 0, 2, 0, 1, 1, 2, 0, 2, 0], [0, 4, 0, 2, 0, 1, 1, 2, 0, 2, 0], [0, 1, 0, 2, 0, 1, 0, 2, 0, 2, 0], [0, 1, 0, 2, 0, 0, 0, 2, 0, 2, 0], [0, 4, 1, 1, 1, 1, 2, 2, 2, 2, 0], [0, 0, 0, 2, 0, 2, 0, 2, 0, 0, 0], [0, 2, 2, 2, 0, 2, 0, 2, 2, 2, 0], [0, 2, 0, 2, 2, 2, 2, 2, 0, 2, 0], [0, 2, 0, 0, 0, 2, 0, 0, 0, 2, 0], [0, 3, 2, 2, 2, 2, 2, 2, 2, 2, 0], [0, 0, 0, 0, 0, 0, 0, 0, 0, 0, 0]]"
2026-05-29T18:56:36.171148,0,West,78.0,False,False,False,"[[0, 0, 0, 0, 0, 0, 0, 0, 0, 0, 0], [0, 2, 2, 2, 2, 2, 2, 2, 2, 3, 0], [0, 2, 0, 0, 0, 2, 0, 0, 0, 2, 0], [0, 2, 0, 2, 2, 2, 2, 2, 0, 2, 0], [0, 2, 2, 2, 0, 2, 0, 2, 2, 2, 0], [0, 0, 0, 2, 0, 2, 0, 2, 0, 0, 0], [0, 2, 2, 2, 2, 2, 2, 2, 2, 2, 0], [0, 5, 0, 2, 0, 0, 0, 2, 0, 2, 0], [0, 1, 0, 2, 0, 1, 0, 2, 0, 2, 0], [0, 4, 0, 2, 0, 1, 1, 2, 0, 2, 0], [0, 1, 0, 2, 0, 1, 1, 2, 0, 2, 0], [0, 1, 0, 2, 0, 1, 0, 2, 0, 2, 0], [0, 4, 0, 2, 0, 0, 0, 2, 0, 2, 0], [0, 1, 1, 1, 1, 1, 2, 2, 2, 2, 0], [0, 0, 0, 2, 0, 2, 0, 2, 0, 0, 0], [0, 2, 2, 2, 0, 2, 0, 2, 2, 2, 0], [0, 2, 0, 2, 2, 2, 2, 2, 0, 2, 0], [0, 2, 0, 0, 0, 2, 0, 0, 0, 2, 0], [0, 3, 2, 2, 2, 2, 2, 2, 2, 2, 0], [0, 0, 0, 0, 0, 0, 0, 0, 0, 0, 0]]"
2026-05-29T18:56:36.174026,0,North,87.0,False,False,False,"[[0, 0, 0, 0, 0, 0, 0, 0, 0, 0, 0], [0, 2, 2, 2, 2, 2, 2, 2, 2, 3, 0], [0, 2, 0, 0, 0, 2, 0, 0, 0, 2, 0], [0, 2, 0, 2, 2, 2, 2, 2, 0, 2, 0], [0, 2, 2, 2, 0, 2, 0, 2, 2, 2, 0], [0, 0, 0, 2, 0, 2, 0, 2, 0, 0, 0], [0, 5, 2, 2, 2, 2, 2, 2, 2, 2, 0], [0, 1, 0, 2, 0, 0, 0, 2, 0, 2, 0], [0, 4, 0, 2, 0, 1, 0, 2, 0, 2, 0], [0, 1, 0, 2, 0, 1, 1, 2, 0, 2, 0], [0, 1, 0, 2, 0, 1, 1, 2, 0, 2, 0], [0, 4, 0, 2, 0, 1, 0, 2, 0, 2, 0], [0, 1, 0, 2, 0, 0, 0, 2, 0, 2, 0], [0, 1, 1, 1, 1, 1, 2, 2, 2, 2, 0], [0, 0, 0, 2, 0, 2, 0, 2, 0, 0, 0], [0, 2, 2, 2, 0, 2, 0, 2, 2, 2, 0], [0, 2, 0, 2, 2, 2, 2, 2, 0, 2, 0], [0, 2, 0, 0, 0, 2, 0, 0, 0, 2, 0], [0, 3, 2, 2, 2, 2, 2, 2, 2, 2, 0], [0, 0, 0, 0, 0, 0, 0, 0, 0, 0, 0]]"
2026-05-29T18:56:36.176967,0,North,96.0,False,False,False,"[[0, 0, 0, 0, 0, 0, 0, 0, 0, 0, 0], [0, 2, 2, 2, 2, 2, 2, 2, 2, 3, 0], [0, 2, 0, 0, 0, 2, 0, 0, 0, 2, 0], [0, 2, 0, 2, 2, 2, 2, 2, 0, 2, 0], [0, 2, 2, 2, 0, 2, 0, 2, 2, 2, 0], [0, 0, 0, 2, 0, 2, 0, 2, 0, 0, 0], [0, 1, 5, 2, 2, 2, 2, 2, 2, 2, 0], [0, 4, 0, 2, 0, 0, 0, 2, 0, 2, 0], [0, 1, 0, 2, 0, 1, 0, 2, 0, 2, 0], [0, 1, 0, 2, 0, 1, 1, 2, 0, 2, 0], [0, 4, 0, 2, 0, 1, 1, 2, 0, 2, 0], [0, 1, 0, 2, 0, 1, 0, 2, 0, 2, 0], [0, 1, 0, 2, 0, 0, 0, 2, 0, 2, 0], [0, 1, 1, 1, 1, 1, 2, 2, 2, 2, 0], [0, 0, 0, 2, 0, 2, 0, 2, 0, 0, 0], [0, 2, 2, 2, 0, 2, 0, 2, 2, 2, 0], [0, 2, 0, 2, 2, 2, 2, 2, 0, 2, 0], [0, 2, 0, 0, 0, 2, 0, 0, 0, 2, 0], [0, 3, 2, 2, 2, 2, 2, 2, 2, 2, 0], [0, 0, 0, 0, 0, 0, 0, 0, 0, 0, 0]]"
2026-05-29T18:56:36.180914,0,West,105.0,False,False,False,"[[0, 0, 0, 0, 0, 0, 0, 0, 0, 0, 0], [0, 2, 2, 2, 2, 2, 2, 2, 2, 3, 0], [0, 2, 0, 0, 0, 2, 0, 0, 0, 2, 0], [0, 2, 0, 2, 2, 2, 2, 2, 0, 2, 0], [0, 2, 2, 2, 0, 2, 0, 2, 2, 2, 0], [0, 0, 0, 2, 0, 2, 0, 2, 0, 0, 0], [0, 4, 1, 5, 2, 2, 2, 2, 2, 2, 0], [0, 1, 0, 2, 0, 0, 0, 2, 0, 2, 0], [0, 1, 0, 2, 0, 1, 0, 2, 0, 2, 0], [0, 4, 0, 2, 0, 1, 1, 2, 0, 2, 0], [0, 1, 0, 2, 0, 1, 1, 2, 0, 2, 0], [0, 1, 0, 2, 0, 1, 0, 2, 0, 2, 0], [0, 1, 0, 2, 0, 0, 0, 2, 0, 2, 0], [0, 1, 1, 1, 1, 1, 2, 2, 2, 2, 0], [0, 0, 0, 2, 0, 2, 0, 2, 0, 0, 0], [0, 2, 2, 2, 0, 2, 0, 2, 2, 2, 0], [0, 2, 0, 2, 2, 2, 2, 2, 0, 2, 0], [0, 2, 0, 0, 0, 2, 0, 0, 0, 2, 0], [0, 3, 2, 2, 2, 2, 2, 2, 2, 2, 0], [0, 0, 0, 0, 0, 0, 0, 0, 0, 0, 0]]"
2026-05-29T18:56:36.183741,0,West,114.0,False,False,False,"[[0, 0, 0, 0, 0, 0, 0, 0, 0, 0, 0], [0, 2, 2, 2, 2, 2, 2, 2, 2, 3, 0], [0, 2, 0, 0, 0, 2, 0, 0, 0, 2, 0], [0, 2, 0, 2, 2, 2, 2, 2, 0, 2, 0], [0, 2, 2, 2, 0, 2, 0, 2, 2, 2, 0], [0, 0, 0, 5, 0, 2, 0, 2, 0, 0, 0], [0, 1, 4, 1, 2, 2, 2, 2, 2, 2, 0], [0, 1, 0, 2, 0, 0, 0, 2, 0, 2, 0], [0, 4, 0, 2, 0, 1, 0, 2, 0, 2, 0], [0, 1, 0, 2, 0, 1, 1, 2, 0, 2, 0], [0, 1, 0, 2, 0, 1, 1, 2, 0, 2, 0], [0, 1, 0, 2, 0, 1, 0, 2, 0, 2, 0], [0, 1, 0, 2, 0, 0, 0, 2, 0, 2, 0], [0, 1, 1, 1, 1, 1, 2, 2, 2, 2, 0], [0, 0, 0, 2, 0, 2, 0, 2, 0, 0, 0], [0, 2, 2, 2, 0, 2, 0, 2, 2, 2, 0], [0, 2, 0, 2, 2, 2, 2, 2, 0, 2, 0], [0, 2, 0, 0, 0, 2, 0, 0, 0, 2, 0], [0, 3, 2, 2, 2, 2, 2, 2, 2, 2, 0], [0, 0, 0, 0, 0, 0, 0, 0, 0, 0, 0]]"
2026-05-29T18:56:36.187230,0,West,123.0,False,False,False,"[[0, 0, 0, 0, 0, 0, 0, 0, 0, 0, 0], [0, 2, 2, 2, 2, 2, 2, 2, 2, 3, 0], [0, 2, 0, 0, 0, 2, 0, 0, 0, 2, 0], [0, 2, 0, 2, 2, 2, 2, 2, 0, 2, 0], [0, 2, 2, 5, 0, 2, 0, 2, 2, 2, 0], [0, 0, 0, 1, 0, 2, 0, 2, 0, 0, 0], [0, 1, 1, 4, 2, 2, 2, 2, 2, 2, 0], [0, 4, 0, 2, 0, 0, 0, 2, 0, 2, 0], [0, 1, 0, 2, 0, 1, 0, 2, 0, 2, 0], [0, 1, 0, 2, 0, 1, 1, 2, 0, 2, 0], [0, 1, 0, 2, 0, 1, 1, 2, 0, 2, 0], [0, 1, 0, 2, 0, 1, 0, 2, 0, 2, 0], [0, 1, 0, 2, 0, 0, 0, 2, 0, 2, 0], [0, 1, 1, 1, 1, 1, 2, 2, 2, 2, 0], [0, 0, 0, 2, 0, 2, 0, 2, 0, 0, 0], [0, 2, 2, 2, 0, 2, 0, 2, 2, 2, 0], [0, 2, 0, 2, 2, 2, 2, 2, 0, 2, 0], [0, 2, 0, 0, 0, 2, 0, 0, 0, 2, 0], [0, 3, 2, 2, 2, 2, 2, 2, 2, 2, 0], [0, 0, 0, 0, 0, 0, 0, 0, 0, 0, 0]]"
2026-05-29T18:56:36.190112,0,North,132.0,False,False,False,"[[0, 0, 0, 0, 0, 0, 0, 0, 0, 0, 0], [0, 2, 2, 2, 2, 2, 2, 2, 2, 3, 0], [0, 2, 0, 0, 0, 2, 0, 0, 0, 2, 0], [0, 2, 0, 5, 2, 2, 2, 2, 0, 2, 0], [0, 2, 2, 1, 0, 2, 0, 2, 2, 2, 0], [0, 0, 0, 4, 0, 2, 0, 2, 0, 0, 0], [0, 4, 1, 1, 2, 2, 2, 2, 2, 2, 0], [0, 1, 0, 2, 0, 0, 0, 2, 0, 2, 0], [0, 1, 0, 2, 0, 1, 0, 2, 0, 2, 0], [0, 1, 0, 2, 0, 1, 1, 2, 0, 2, 0], [0, 1, 0, 2, 0, 1, 1, 2, 0, 2, 0], [0, 1, 0, 2, 0, 1, 0, 2, 0, 2, 0], [0, 1, 0, 2, 0, 0, 0, 2, 0, 2, 0], [0, 1, 1, 1, 1, 1, 2, 2, 2, 2, 0], [0, 0, 0, 2, 0, 2, 0, 2, 0, 0, 0], [0, 2, 2, 2, 0, 2, 0, 2, 2, 2, 0], [0, 2, 0, 2, 2, 2, 2, 2, 0, 2, 0], [0, 2, 0, 0, 0, 2, 0, 0, 0, 2, 0], [0, 3, 2, 2, 2, 2, 2, 2, 2, 2, 0], [0, 0, 0, 0, 0, 0, 0, 0, 0, 0, 0]]"
2026-05-29T18:56:36.192943,0,North,141.0,False,False,False,"[[0, 0, 0, 0, 0, 0, 0, 0, 0, 0, 0], [0, 2, 2, 2, 2, 2, 2, 2, 2, 3, 0], [0, 2, 0, 0, 0, 2, 0, 0, 0, 2, 0], [0, 2, 0, 1, 5, 2, 2, 2, 0, 2, 0], [0, 2, 2, 4, 0, 2, 0, 2, 2, 2, 0], [0, 0, 0, 1, 0, 2, 0, 2, 0, 0, 0], [0, 1, 4, 1, 2, 2, 2, 2, 2, 2, 0], [0, 1, 0, 2, 0, 0, 0, 2, 0, 2, 0], [0, 1, 0, 2, 0, 1, 0, 2, 0, 2, 0], [0, 1, 0, 2, 0, 1, 1, 2, 0, 2, 0], [0, 1, 0, 2, 0, 1, 1, 2, 0, 2, 0], [0, 1, 0, 2, 0, 1, 0, 2, 0, 2, 0], [0, 1, 0, 2, 0, 0, 0, 2, 0, 2, 0], [0, 1, 1, 1, 1, 1, 2, 2, 2, 2, 0], [0, 0, 0, 2, 0, 2, 0, 2, 0, 0, 0], [0, 2, 2, 2, 0, 2, 0, 2, 2, 2, 0], [0, 2, 0, 2, 2, 2, 2, 2, 0, 2, 0], [0, 2, 0, 0, 0, 2, 0, 0, 0, 2, 0], [0, 3, 2, 2, 2, 2, 2, 2, 2, 2, 0], [0, 0, 0, 0, 0, 0, 0, 0, 0, 0, 0]]"
2026-05-29T18:56:36.196862,0,East,150.0,False,False,False,"[[0, 0, 0, 0, 0, 0, 0, 0, 0, 0, 0], [0, 2, 2, 2, 2, 2, 2, 2, 2, 3, 0], [0, 2, 0, 0, 0, 2, 0, 0, 0, 2, 0], [0, 2, 0, 4, 1, 5, 2, 2, 0, 2, 0], [0, 2, 2, 1, 0, 2, 0, 2, 2, 2, 0], [0, 0, 0, 1, 0, 2, 0, 2, 0, 0, 0], [0, 1, 1, 4, 2, 2, 2, 2, 2, 2, 0], [0, 1, 0, 2, 0, 0, 0, 2, 0, 2, 0], [0, 1, 0, 2, 0, 1, 0, 2, 0, 2, 0], [0, 1, 0, 2, 0, 1, 1, 2, 0, 2, 0], [0, 1, 0, 2, 0, 1, 1, 2, 0, 2, 0], [0, 1, 0, 2, 0, 1, 0, 2, 0, 2, 0], [0, 1, 0, 2, 0, 0, 0, 2, 0, 2, 0], [0, 1, 1, 1, 1, 1, 2, 2, 2, 2, 0], [0, 0, 0, 2, 0, 2, 0, 2, 0, 0, 0], [0, 2, 2, 2, 0, 2, 0, 2, 2, 2, 0], [0, 2, 0, 2, 2, 2, 2, 2, 0, 2, 0], [0, 2, 0, 0, 0, 2, 0, 0, 0, 2, 0], [0, 3, 2, 2, 2, 2, 2, 2, 2, 2, 0], [0, 0, 0, 0, 0, 0, 0, 0, 0, 0, 0]]"
2026-05-29T18:56:36.199753,0,West,159.0,False,False,False,"[[0, 0, 0, 0, 0, 0, 0, 0, 0, 0, 0], [0, 2, 2, 2, 2, 2, 2, 2, 2, 3, 0], [0, 2, 0, 0, 0, 2, 0, 0, 0, 2, 0], [0, 2, 0, 1, 4, 1, 2, 2, 0, 2, 0], [0, 2, 2, 1, 0, 5, 0, 2, 2, 2, 0], [0, 0, 0, 1, 0, 2, 0, 2, 0, 0, 0], [0, 1, 1, 1, 4, 2, 2, 2, 2, 2, 0], [0, 1, 0, 2, 0, 0, 0, 2, 0, 2, 0], [0, 1, 0, 2, 0, 1, 0, 2, 0, 2, 0], [0, 1, 0, 2, 0, 1, 1, 2, 0, 2, 0], [0, 1, 0, 2, 0, 1, 1, 2, 0, 2, 0], [0, 1, 0, 2, 0, 1, 0, 2, 0, 2, 0], [0, 1, 0, 2, 0, 0, 0, 2, 0, 2, 0], [0, 1, 1, 1, 1, 1, 2, 2, 2, 2, 0], [0, 0, 0, 2, 0, 2, 0, 2, 0, 0, 0], [0, 2, 2, 2, 0, 2, 0, 2, 2, 2, 0], [0, 2, 0, 2, 2, 2, 2, 2, 0, 2, 0], [0, 2, 0, 0, 0, 2, 0, 0, 0, 2, 0], [0, 3, 2, 2, 2, 2, 2, 2, 2, 2, 0], [0, 0, 0, 0, 0, 0, 0, 0, 0, 0, 0]]"
